,PCR_id,band,cap_date,band_cap_date,site,coordinates,bander,ticks,blood,recap,species,speciessci,speciescode,massg,billmm,tarsusmm,wingmm,field_sex,PCR_sex,age,slides,hemo.positive,plasm.positive,leuko.positive,resident_migrant,notes,body_condition,ticks_present
1,1.31-01,142259005,1/24/2024,142259005_2024-01-24,Casa De San Pedro,"31.40859, -110.10635",HAD,1,y,n,Abert's towhee,Melozone aberti,ABTO,50.04,10.1,29.77,90,M,M,AHY,y,no,no,no,resident,,48.01217352,yes
2,1.31-02,323133809,1/24/2024,323133809_2024-01-24,Casa De San Pedro,"31.40859, -110.10635",HAD,2,y,n,Abert's towhee,Melozone aberti,ABTO,48.97,10.39,30.07,89,U,M,AHY,y,no,no,no,resident,,45.88720413,yes
3,1.31-03,323133808,1/24/2024,323133808_2024-01-24,Casa De San Pedro,"31.40859, -110.10635",HAD,2,y,n,Abert's towhee,Melozone aberti,ABTO,50.74,10.8,29.7,92,M,M,AHY,y,no,no,no,resident,,48.95492125,yes
4,1.31-04,323133810,1/31/2024,323133810_2024-01-31,Paton Center,"31.53888, -110.76047",HAD,7,y,n,Abert's towhee,Melozone aberti,ABTO,47.9,10.61,28.38,88,U,F,AHY,y,no,yes,no,resident,,51.44676053,yes
5,1.31-05,323133811,1/31/2024,323133811_2024-01-31,Paton Center,"31.53888, -110.76047",HAD,4,y,n,Abert's towhee,Melozone aberti,ABTO,50.76,10.68,28.94,92,M,M,AHY,y,no,yes,no,resident,,52.06251818,yes
6,1.31-06,323133812,1/31/2024,323133812_2024-01-31,Paton Center,"31.53888, -110.76047",HAD,4,y,n,Abert's towhee,Melozone aberti,ABTO,47.32,10.55,28.87,89,U,M,AHY,y,no,yes,no,resident,,48.81231165,yes
7,1.31-07,284165004,2/14/2024,284165004_2024-02-14,Sweetwater Wetlands,"32.27930, -111.02163",HAD,0,y,n,Abert's towhee,Melozone aberti,ABTO,48.6,10.2,28.07,93,M,M,AHY,y,no,yes,no,resident,,53.56871932,no
8,1.31-08,284165003,2/14/2024,284165003_2024-02-14,Sweetwater Wetlands,"32.27930, -111.02163",HAD,0,y,n,Abert's towhee,Melozone aberti,ABTO,42.59,10.31,28.17,85,U,F,SY,y,no,yes,no,resident,,46.55210065,no
9,1.31-09,323133822,2/17/2024,323133822_2024-02-17,Casa De San Pedro,"31.40859, -110.10635",HAD,1,y,n,Abert's towhee,Melozone aberti,ABTO,43.13,10.69,29.67,90,U,M,AHY,y,no,yes,no,resident,,41.71197298,yes
10,1.31-11,142259021,2/28/2024,142259021_2024-02-28,Sweetwater Wetlands,"32.27930, -111.02163",DNJ,0,y,n,Abert's towhee,Melozone aberti,ABTO,49.7,10.78,30.06,94,M,,AHY,y,no,yes,no,resident,,46.60780463,no
11,1.31-12,323133842,3/27/2024,323133842_2024-03-27,Casa De San Pedro,"31.40859, -110.10635",HAD,2,y,n,Abert's towhee,Melozone aberti,ABTO,51.85,10.57,29.2,89,M,,AHY,y,no,yes,no,resident,,52.07018473,yes
12,1.31-13,284165009,4/10/2024,284165009_2024-04-10,Paton Center,"31.53888, -110.76047",HAD,0,y,n,Abert's towhee,Melozone aberti,ABTO,48.73,13.03,30.13,93,M,,AHY,y,no,yes,no,resident,,45.4480959,no
13,1.31-14,142259002,1/11/2024,142259002_2024-01-11,lovette house,"32.12147, -110.60804",HAD,0,y,n,curve-billed thrasher,Toxostoma curvirostre,CBTH,82.9,25.5,33.48,104,U,,AHY,y,no,no,no,resident,,85.8149099,no
14,1.31-15,142259003,1/17/2024,142259003_2024-01-17,lovette house,"32.12147, -110.60804",HAD,0,y,n,curve-billed thrasher,Toxostoma curvirostre,CBTH,84.58,26.16,36.13,108,U,M,AHY,y,no,no,no,resident,,74.8717872,no
15,1.31-16,142259004,1/17/2024,142259004_2024-01-17,lovette house,"32.12147, -110.60804",HAD,0,y,n,curve-billed thrasher,Toxostoma curvirostre,CBTH,77.53,24.61,35.17,103,U,F,AHY,y,no,yes,no,resident,,72.53460509,no
16,1.31-17,142259009,1/29/2024,142259009_2024-01-29,Paton Center,"31.53888, -110.76047",HAD,0,y,n,curve-billed thrasher,Toxostoma curvirostre,CBTH,80.93,25.88,33.1,110,U,M,AHY,y,no,yes,no,resident,,85.76326508,no
17,1.31-18,142259011,2/17/2024,142259011_2024-02-17,Casa De San Pedro,"31.40859, -110.10635",HAD,1,y,n,curve-billed thrasher,Toxostoma curvirostre,CBTH,78.59,26.19,34.19,104,U,M,SY,y,no,yes,no,resident,,77.92097088,yes
18,1.31-19,142259013,2/17/2024,142259013_2024-02-17,Casa De San Pedro,"31.40859, -110.10635",HAD,0,y,n,curve-billed thrasher,Toxostoma curvirostre,CBTH,71.02,25.83,32.08,99,U,F,AHY,y,no,yes,no,resident,,80.25947508,no
19,1.31-20,142259014,2/21/2024,142259014_2024-02-21,Casa De San Pedro,"31.40859, -110.10635",HAD,1,y,n,curve-billed thrasher,Toxostoma curvirostre,CBTH,71,24.51,33.06,103,U,F,SY,y,no,no,no,resident,,75.42735186,yes
20,1.31-21,142259016,2/21/2024,142259016_2024-02-21,Casa De San Pedro,"31.40859, -110.10635",HAD,8,y,n,curve-billed thrasher,Toxostoma curvirostre,CBTH,84.67,26.64,34.43,100,U,M,SY,y,no,yes,no,resident,,82.75155497,yes
21,1.31-22,142259015,2/21/2024,142259015_2024-02-21,Casa De San Pedro,"31.40859, -110.10635",DNJ,2,y,n,curve-billed thrasher,Toxostoma curvirostre,CBTH,71.76,25.26,33.8,102,U,,AHY,y,no,no,no,resident,,72.84576089,yes
22,1.31-23,187367705,4/10/2024,187367705_2024-04-10,Paton Center,"31.53888, -110.76047",HAD,0,y,n,curve-billed thrasher,Toxostoma curvirostre,CBTH,83.11,25.49,35.04,103,U,,SY,y,no,yes,no,resident,,78.34881638,no
23,1.31-24,317157404,1/15/2024,317157404_2024-01-15,lovette house,"32.12147, -110.60804",HAD,0,y,n,house finch,Haemorhous mexicanus,HOFI,19.02,8.75,17.8,74,M,M,AHY,y,no,no,no,resident,,18.85034042,no
24,1.31-25,317157407,1/15/2024,317157407_2024-01-15,lovette house,"32.12147, -110.60804",HAD,0,y,n,house finch,Haemorhous mexicanus,HOFI,19.53,9.21,17.46,78,M,M,AHY,y,no,no,no,resident,,20.09504831,no
25,1.31-26,317157403,1/15/2024,317157403_2024-01-15,lovette house,"32.12147, -110.60804",HAD,0,y,n,house finch,Haemorhous mexicanus,HOFI,18.75,9.09,18.43,75,M,M,AHY,y,no,no,no,resident,,17.36812943,no
26,1.31-27,317157406,1/15/2024,317157406_2024-01-15,lovette house,"32.12147, -110.60804",HAD,0,y,n,house finch,Haemorhous mexicanus,HOFI,19.56,8.93,17.3,76,F,F,AHY,y,no,no,no,resident,,20.48924516,no
27,1.31-28,317157415,1/17/2024,317157415_2024-01-17,lovette house,"32.12147, -110.60804",HAD,0,y,n,house finch,Haemorhous mexicanus,HOFI,20.16,8.66,18.89,77,M,M,AHY,y,no,no,no,resident,"swollen ear, one missing toe",17.8005818,no
28,1.31-29,317157414,1/17/2024,317157414_2024-01-17,lovette house,"32.12147, -110.60804",,0,,,house finch,Haemorhous mexicanus ,HOFI,19.37,8.75,17.36,79,M,F,AHY,n,no,no,no,resident,,20.15414963,no
29,1.31-30,317157408,1/17/2024,317157408_2024-01-17,lovette house,"32.12147, -110.60804",HAD,0,y,n,house finch,Haemorhous mexicanus,HOFI,17.16,10.09,18.11,78,M,,AHY,y,no,no,no,resident,"either pox lesions, or possibly mycoplamsa gallisepticum infection (or both); missing parts of toes on both feet",16.44571977,no
30,1.31-31,317157412,1/17/2024,317157412_2024-01-17,lovette house,"32.12147, -110.60804",HAD,0,y,n,house finch,Haemorhous mexicanus,HOFI,20.27,8.78,17.6,74,F,M,AHY,y,no,no,no,resident,"orange mites around head and ears, did not collect",20.53523794,no
31,1.31-32,317157411,1/17/2024,317157411_2024-01-17,lovette house,"32.12147, -110.60804",HAD,0,y,n,house finch,Haemorhous mexicanus,HOFI,19.16,9.35,17.76,76,M,F,AHY,y,no,yes,no,resident,,19.0722991,no
32,1.31-33,317157413,1/17/2024,317157413_2024-01-17,lovette house,"32.12147, -110.60804",HAD,0,y,n,house finch,Haemorhous mexicanus,HOFI,21.62,8.31,18.36,76,M,M,AHY,y,no,no,no,resident,,20.1752708,no
33,1.31-34,317157410,1/17/2024,317157410_2024-01-17,lovette house,"32.12147, -110.60804",HAD,0,y,n,house finch,Haemorhous mexicanus,HOFI,18.64,8.96,17.25,77,M,M,AHY,y,no,no,no,resident,,19.63568145,no
34,1.31-35,317157402,1/15/2024,317157402_2024-01-15,lovette house,"32.12147, -110.60804",HAD,0,y,n,house finch,Haemorhous mexicanus,HOFI,17.59,8.93,16.56,79,M,,AHY-ASY,y,no,no,no,resident,,20.05956037,no
35,1.31-36,318156302,4/6/2024,318156302_2024-04-06,Casa De San Pedro,"31.40859, -110.10635",HAD,0,y,n,house finch,Haemorhous mexicanus,HOFI,18.76,9.18,17.62,79,M,,ASY,y,no,no,no,resident,,18.96357571,no
36,1.31-37,318156305,4/6/2024,318156305_2024-04-06,Casa De San Pedro,"31.40859, -110.10635",HAD,0,y,n,house finch,Haemorhous mexicanus,HOFI,19.58,9.27,17.15,80,M,,ASY,y,no,no,no,resident,,20.86027337,no
37,1.31-38,318156306,4/6/2024,318156306_2024-04-06,Casa De San Pedro,"31.40859, -110.10635",HAD,0,y,n,house finch,Haemorhous mexicanus,HOFI,21.85,8.54,18.24,75,F,,ASY,y,no,no,no,resident,,20.65141668,no
38,1.31-39,318156313,4/10/2024,318156313_2024-04-10,Paton Center,"31.53888, -110.76047",HAD,0,y,n,house finch,Haemorhous mexicanus,HOFI,18.56,9.07,17.6,74,F,,ASY,y,no,no,no,resident,,18.80286217,no
39,1.31-40,187367702,1/29/2024,187367702_2024-01-29,Paton Center,"31.53888, -110.76047",HAD,0,y,n,inca dove,Columbina inca,INDO,45.2,8.15,17.48,89,U,M,AHY,y,no,no,no,resident,,43.69398367,no
40,1.31-41,142259012,1/29/2024,142259012_2024-01-29,Paton Center,"31.53888, -110.76047",HAD,0,y,n,inca dove,Columbina inca,INDO,41.62,17.37,17.37,89,U,M,AHY,y,no,no,no,resident,,40.46590615,no
41,1.31-42,187367704,1/29/2024,187367704_2024-01-29,Paton Center,"31.53888, -110.76047",HAD,0,y,n,inca dove,Columbina inca,INDO,46.85,8.29,17.74,90,U,M,AHY,y,no,no,no,resident,,44.68238821,no
42,1.31-43,142259008,1/29/2024,142259008_2024-01-29,Paton Center,"31.53888, -110.76047",HAD,0,y,n,inca dove,Columbina inca,INDO,51.4,8.11,18.31,90,U,M,AHY,y,no,no,no,resident,,47.62616363,no
43,1.31-44,142259010,1/29/2024,142259010_2024-01-29,Paton Center,"31.53888, -110.76047",HAD,0,y,n,inca dove,Columbina inca,INDO,44.49,8.21,18.17,90,U,F,AHY,y,no,no,no,resident,,41.5135035,no
44,1.31-45,142259020,2/26/2024,142259020_2024-02-26,Paton Center,"31.53888, -110.76047",HAD,0,y,n,inca dove,Columbina inca,INDO,41.87,8.22,14.75,89,U,,AHY,y,no,no,no,resident,,47.26541866,no
45,1.31-46,142259019,2/26/2024,142259019_2024-02-26,Paton Center,"31.53888, -110.76047",HAD,0,y,n,inca dove,Columbina inca,INDO,40.13,8.24,17.56,91,U,,AHY,y,no,no,no,resident,,38.63146368,no
46,1.31-47,142259018,2/26/2024,142259018_2024-02-26,Paton Center,"31.53888, -110.76047",AP,0,y,n,inca dove,Columbina inca,INDO,39.63,8.46,16.59,94,U,,AHY,y,no,no,no,resident,,40.1823451,no
47,1.31-48,142259017,2/26/2024,142259017_2024-02-26,Paton Center,"31.53888, -110.76047",AP,0,y,n,inca dove,Columbina inca,INDO,45.22,8.41,14.16,88,U,,AHY,y,no,no,no,resident,,52.98626063,no
48,1.31-49,142259022,4/10/2024,142259022_2024-04-10,Paton Center,"31.53888, -110.76047",HAD,0,y,n,inca dove,Columbina inca,INDO,43.89,8.34,17.51,88,U,,AHY,y,no,no,no,resident,,42.3612354,no
49,1.31-50,142259023,4/10/2024,142259023_2024-04-10,Paton Center,"31.53888, -110.76047",HAD,0,y,n,inca dove,Columbina inca,INDO,40.52,8.71,17.06,86,U,,AHY,y,no,no,no,resident,,40.04972816,no
50,1.31-51,142259025,4/10/2024,142259025_2024-04-10,Paton Center,"31.53888, -110.76047",SMM,0,y,n,inca dove,Columbina inca,INDO,40.96,8.24,15.42,60,U,,AHY,n,no,no,no,resident,,44.39972343,no
51,1.31-52,304007911,1/24/2024,304007911_2024-01-24,Casa De San Pedro,"31.40859, -110.10635",HAD,3,y,n,Lincoln's sparrow,Melospiza lincolnii,LISP,18.62,8.69,22.36,59,U,M,AHY,n,no,yes,no,migrant,,14.39736887,yes
52,1.31-53,317157427,2/21/2024,317157427_2024-02-21,Casa De San Pedro,"31.40859, -110.10635",HAD,3,y,n,Lincoln's sparrow,Melospiza lincolnii,LISP,15.03,7.61,20.3,60,U,F,SY,y,no,no,no,migrant,,15.28314076,yes
53,1.31-54,304007916,2/21/2024,304007916_2024-02-21,Casa De San Pedro,"31.40859, -110.10635",HAD,8,y,n,Lincoln's sparrow,Melospiza lincolnii,LISP,12.5,8.33,19.66,58,U,F,AHY,n,no,yes,no,migrant,,13.91838078,yes
54,1.31-55,317157432,2/28/2024,317157432_2024-02-28,Sweetwater Wetlands,"32.27930, -111.02163",HAD,0,y,n,Lincoln's sparrow,Melospiza lincolnii,LISP,16.05,7.25,20.71,65,U,,AHY,y,no,no,no,migrant,,15.42126249,no
55,1.31-56,304007917,3/13/2024,304007917_2024-03-13,Sweetwater Wetlands,"32.27930, -111.02163",HAD,0,y,n,Lincoln's sparrow,Melospiza lincolnii,LISP,16.85,7.19,21,59,U,,AHY,y,no,no,no,migrant,audubon's,15.56435151,no
56,1.31-57,317157433,2/28/2024,317157433_2024-02-28,Sweetwater Wetlands,"32.27930, -111.02163",DNJ,0,y,n,Lincoln's sparrow,Melospiza lincolnii,LISP,15.04,7.16,20.76,59,U,,AHY,y,no,yes,no,migrant,,14.35241718,no
57,1.31-58,304007920,3/13/2024,304007920_2024-03-13,Sweetwater Wetlands,"32.27930, -111.02163",SMM,0,y,n,Lincoln's sparrow,Melospiza lincolnii,LISP,16.02,7.09,19.43,58,U,,ASY,y,no,no,no,migrant,,18.44267279,no
58,1.31-59,317157437,3/20/2024,317157437_2024-03-20,Casa De San Pedro,"31.40859, -110.10635",HAD,0,y,n,Lincoln's sparrow,Melospiza lincolnii,LISP,17.5,7.48,20.05,61,U,,AHY,y,no,no,no,migrant,,18.43071306,no
59,1.31-60,317157439,3/27/2024,317157439_2024-03-27,Casa De San Pedro,"31.40859, -110.10635",HAD,1,y,n,Lincoln's sparrow,Melospiza lincolnii,LISP,15.65,7.29,19.4,58,U,,AHY,y,no,yes,no,migrant,,18.09578216,yes
60,1.31-61,317157441,4/6/2024,317157441_2024-04-06,Casa De San Pedro,"31.40859, -110.10635",HAD,0,y,n,Lincoln's sparrow,Melospiza lincolnii,LISP,19,8.12,20.53,59,U,,ASY,y,no,yes,no,migrant,,18.71292973,no
61,1.31-62,284165001,1/24/2024,284165001_2024-01-24,Casa De San Pedro,"31.40859, -110.10635",HAD,0,y,n,pyrrhuloxia,Cardinalis sinuatus,PYRR,36.44,10.09,25.34,94,U,F,AHY,y,no,yes,yes,resident,,36.15562935,no
62,1.31-63,323133820,2/17/2024,323133820_2024-02-17,Casa De San Pedro,"31.40859, -110.10635",HAD,0,y,n,pyrrhuloxia,Cardinalis sinuatus,PYRR,34.83,10.1,24.77,94,M,M,ASY,y,no,no,yes,resident,,36.3505391,no
63,1.31-64,323133821,2/17/2024,323133821_2024-02-17,Casa De San Pedro,"31.40859, -110.10635",HAD,0,y,n,pyrrhuloxia,Cardinalis sinuatus,PYRR,37.34,9.85,25.2,90,F,F,SY,y,no,yes,no,resident,,37.50761118,no
64,1.31-65,323133817,2/17/2024,323133817_2024-02-17,Casa De San Pedro,"31.40859, -110.10635",HAD,0,y,n,pyrrhuloxia,Cardinalis sinuatus,PYRR,35.12,10.14,25.06,94,F,F,AHY,y,no,yes,yes,resident,,35.71716045,no
65,1.31-66,318133147,2/21/2024,318133147_2024-02-21,Casa De San Pedro,"31.40859, -110.10635",HAD,0,y,n,pyrrhuloxia,Cardinalis sinuatus,PYRR,33.4,10.18,24.73,88,F,F,AHY,NA,no,yes,yes,resident,,34.98354472,no
66,1.31-67,318133150,2/21/2024,318133150_2024-02-21,Casa De San Pedro,"31.40859, -110.10635",HAD,0,y,n,pyrrhuloxia,Cardinalis sinuatus,PYRR,44.56,11.09,25.78,95,M,M,ASY,y,no,yes,yes,resident,,42.552641,no
67,1.31-68,323133823,2/21/2024,323133823_2024-02-21,Casa De San Pedro,"31.40859, -110.10635",HAD,1,y,n,pyrrhuloxia,Cardinalis sinuatus,PYRR,34.82,10.83,25.31,90,U,M,SY,y,no,yes,yes,resident,tick eaten by the bird after removal...,34.63934991,yes
68,1.31-69,323133824,2/21/2024,323133824_2024-02-21,Casa De San Pedro,"31.40859, -110.10635",HAD,0,y,n,pyrrhuloxia,Cardinalis sinuatus,PYRR,39.23,10.78,22.95,92,M,,SY,y,no,yes,yes,resident,,48.51067546,no
69,1.31-70,323133827,3/13/2024,323133827_2024-03-13,Sweetwater Wetlands,"32.27930, -111.02163",HAD,0,y,n,pyrrhuloxia,Cardinalis sinuatus,PYRR,36.15,10.46,25.97,91,M,,ASY,y,no,yes,yes,resident,,33.96267946,no
70,1.31-71,323133832,3/20/2024,323133832_2024-03-20,Casa De San Pedro,"31.40859, -110.10635",DNJ,0,y,n,pyrrhuloxia,Cardinalis sinuatus,PYRR,34.17,9.55,25.34,90,F,,ASY,y,no,yes,yes,resident,,33.90334399,no
71,1.31-72,323133833,3/20/2024,323133833_2024-03-20,Casa De San Pedro,"31.40859, -110.10635",HAD,0,y,n,pyrrhuloxia,Cardinalis sinuatus,PYRR,39.58,10.19,26.15,95,M,,ASY,y,no,yes,yes,resident,,36.6186601,no
72,1.31-73,284165008,3/27/2024,284165008_2024-03-27,Casa De San Pedro,"31.40859, -110.10635",HAD,0,y,n,pyrrhuloxia,Cardinalis sinuatus,PYRR,38.39,11.26,26.41,95,M,,ASY,y,no,yes,yes,resident,,34.74523543,no
73,1.31-88,317157416,1/24/2024,317157416_2024-01-24,Casa De San Pedro,"31.40859, -110.10635",HAD,1,y,n,song sparrow,Melospiza melodia,SOSP,17.85,8.1,22.11,63,U,M,AHY,y,no,no,no,resident,,17.73342448,yes
74,1.31-89,317157420,1/24/2024,317157420_2024-01-24,Casa De San Pedro,"31.40859, -110.10635",HAD,0,y,n,song sparrow,Melospiza melodia,SOSP,20.14,7.93,22.16,66,U,F,AHY,y,no,yes,no,resident,,19.92320918,no
75,1.31-90,317157419,1/31/2024,317157419_2024-01-31,Paton Center,"31.53888, -110.76047",HAD,2,y,n,song sparrow,Melospiza melodia,SOSP,20.07,9.13,22.76,68,U,M,AHY,y,no,no,yes,resident,,18.87614076,yes
76,1.31-91,317157436,3/20/2024,317157436_2024-03-20,Casa De San Pedro,"31.40859, -110.10635",HAD,3,y,n,song sparrow,Melospiza melodia,SOSP,20.81,9.14,23.57,66,U,,AHY,y,no,no,no,resident,,18.32006366,yes
77,1.31-92,317157425,2/17/2024,317157425_2024-02-17,Casa De San Pedro,"31.40859, -110.10635",HAD,1,y,n,song sparrow,Melospiza melodia,SOSP,18.16,8.4,22.32,62,U,F,ASY,y,no,no,no,resident,,17.72185073,yes
78,1.31-93,318156317,4/10/2024,318156317_2024-04-10,Paton Center,"31.53888, -110.76047",SMM,1,y,n,song sparrow,Melospiza melodia,SOSP,20.04,8.09,20.01,58,U,,AHY,y,no,no,no,resident,,24.04293612,yes
79,1.31-94,318133126,1/24/2024,318133126_2024-01-24,Casa De San Pedro,"31.40859, -110.10635",HAD,2,y,n,song sparrow,Melospiza melodia,SOSP,20.2,8.41,23.02,67,U,F,AHY,y,no,no,no,resident,,18.59479861,yes
80,1.31-95,318133146,2/21/2024,318133146_2024-02-21,Casa De San Pedro,"31.40859, -110.10635",DNJ,1,y,n,song sparrow,Melospiza melodia,SOSP,18.6,8.01,23.66,64,U,,SY,y,no,no,yes,resident,,16.25694151,yes
81,2.12-01,317157438,3/27/2024,317157438_2024-03-27,Casa De San Pedro,"31.40859, -110.10635",HAD,2,y,n,song sparrow,Melospiza melodia,SOSP,15.08,8.47,21.41,58,U,,AHY,y,no,no,no,resident,,15.92096157,yes
82,2.12-02,317157431,4/6/2024,317157431_2024-04-06,Casa De San Pedro,"31.40859, -110.10635",HAD,2,y,y,song sparrow,Melospiza melodia,SOSP,17.32,8.41,22.01,60,U,,AHY,y,no,yes,no,resident,,17.35497584,yes
83,2.12-03,318133158,2/28/2024,318133158_2024-02-28,Sweetwater Wetlands,"32.27930, -111.02163",DNJ,0,y,n,song sparrow,Melospiza melodia,SOSP,18.27,7.2,23.21,61,U,,AHY,y,no,no,no,resident,,16.55884629,no
84,2.12-04,317157418,1/24/2024,317157418_2024-01-24,Casa De San Pedro,"31.40859, -110.10635",HAD,0,y,n,song sparrow,Melospiza melodia,SOSP,20.27,8.73,22.68,65,U,M,AHY,y,no,yes,no,resident,,19.19156891,no
85,2.12-05,317157436,4/6/2024,317157436_2024-04-06,Casa De San Pedro,"31.40859, -110.10635",SMM,0,y,y,song sparrow,Melospiza melodia,SOSP,21.97,8.36,22.24,66,U,,AHY,y,no,no,no,resident,,21.58595535,no
86,2.12-06,318133162,2/28/2024,318133162_2024-02-28,Sweetwater Wetlands,"32.27930, -111.02163",SMM,0,y,n,song sparrow,Melospiza melodia,SOSP,17.3,8.58,20.31,61,U,,AHY,y,no,no,no,resident,,20.17986227,no
87,2.12-07,304007919,3/13/2024,304007919_2024-03-13,Sweetwater Wetlands,"32.27930, -111.02163",SMM,0,y,n,song sparrow,Melospiza melodia,SOSP,20.74,7.9,21.07,61,U,,AHY,y,no,no,no,resident,,22.56936752,no
88,2.12-08,318156314,4/10/2024,318156314_2024-04-10,Paton Center,"31.53888, -110.76047",HAD,0,y,n,song sparrow,Melospiza melodia,SOSP,18.08,8.71,22.48,62,U,,AHY,y,no,yes,no,resident,,17.40713301,no
89,2.12-09,318133171,3/13/2024,318133171_2024-03-13,Sweetwater Wetlands,"32.27930, -111.02163",SMM,0,y,n,song sparrow,Melospiza melodia,SOSP,20.49,7.44,20.52,61,U,,AHY,y,no,no,no,resident,,23.44059207,no
90,2.12-10,318133161,2/28/2024,318133161_2024-02-28,Sweetwater Wetlands,"32.27930, -111.02163",HAD,0,y,n,song sparrow,Melospiza melodia,SOSP,17.63,7.63,21.86,62,U,,AHY,y,no,no,no,resident,,17.89546009,no
91,2.12-11,317157423,2/14/2024,317157423_2024-02-14,Sweetwater Wetlands,"32.27930, -111.02163",HAD,0,y,n,song sparrow,Melospiza melodia,SOSP,18.21,7.82,22.15,64,U,M,AHY,y,no,no,no,resident,,18.0293617,no
92,2.12-12,318133129,1/29/2024,318133129_2024-01-29,Paton Center,"31.53888, -110.76047",HAD,0,y,n,song sparrow,Melospiza melodia,SOSP,20.14,8.36,21.12,66,U,M,AHY,y,no,no,no,resident,,21.81846086,no
93,2.12-13,318133189,3/20/2024,318133189_2024-03-20,Casa De San Pedro,"31.40859, -110.10635",HAD,0,y,n,white-crowned sparrow,Zonotrichia leucophrys,WCSP,24.32,8.88,22.77,72,F,,ASY,y,no,no,yes,migrant,,24.88883891,no
94,2.12-14,318133197,2/17/2024,318133197_2024-02-17,Casa De San Pedro,"31.40859, -110.10635",HAD,2,y,n,white-crowned sparrow,Zonotrichia leucophrys,WCSP,22.85,7.75,22.68,72,F,F,SY,y,yes,no,no,migrant,,23.52769236,yes
95,2.12-15,318133135,2/17/2024,318133135_2024-02-17,Casa De San Pedro,"31.40859, -110.10635",HAD,2,y,n,white-crowned sparrow,Zonotrichia leucophrys,WCSP,23.06,7.77,22.92,71,F,F,AHY,y,no,no,no,migrant,,23.36164785,yes
96,2.12-16,318133195,3/27/2024,318133195_2024-03-27,Casa De San Pedro,"31.40859, -110.10635",HAD,2,y,n,white-crowned sparrow,Zonotrichia leucophrys,WCSP,26.65,8.39,22.57,77,U,,SY,y,no,yes,no,migrant,,27.64687698,yes
97,2.12-17,318133192,3/20/2024,318133192_2024-03-20,Casa De San Pedro,"31.40859, -110.10635",HAD,0,y,n,white-crowned sparrow,Zonotrichia leucophrys,WCSP,26.88,8.56,23.04,72,F,,SY,y,no,no,no,migrant,,27.01323439,no
98,2.12-18,318156307,4/6/2024,318156307_2024-04-06,Casa De San Pedro,"31.40859, -110.10635",HAD,1,y,n,white-crowned sparrow,Zonotrichia leucophrys,WCSP,22.53,9.02,22.81,70,F,,SY,y,no,no,no,migrant,,22.99465651,yes
99,2.12-19,318133123,1/24/2024,318133123_2024-01-24,Casa De San Pedro,"31.40859, -110.10635",HAD,1,y,n,white-crowned sparrow,Zonotrichia leucophrys,WCSP,23.09,7.95,21.61,71,F,F,AHY,y,no,no,yes,migrant,,25.61410549,yes
100,2.12-20,318133152,2/26/2024,318133152_2024-02-26,Paton Center,"31.53888, -110.76047",HAD,1,y,n,white-crowned sparrow,Zonotrichia leucophrys,WCSP,22.21,8.27,22.83,73,F,,SY,y,no,no,no,migrant,,22.6374446,yes
101,2.12-21,318133183,3/20/2024,318133183_2024-03-20,Casa De San Pedro,"31.40859, -110.10635",HAD,0,y,n,white-crowned sparrow,Zonotrichia leucophrys,WCSP,23.79,8.7,22.22,69,F,,ASY,y,no,no,no,migrant,,25.28186211,no
102,2.12-22,318156308,4/6/2024,318156308_2024-04-06,Casa De San Pedro,"31.40859, -110.10635",HAD,1,y,n,white-crowned sparrow,Zonotrichia leucophrys,WCSP,29.62,8.67,24.17,75,U,,SY,y,no,no,no,migrant,,27.64837056,yes
103,2.12-23,318133160,2/28/2024,318133160_2024-02-28,Sweetwater Wetlands,"32.27930, -111.02163",DNJ,0,y,n,white-crowned sparrow,Zonotrichia leucophrys,WCSP,26.64,7.26,25.24,79,M,,SY,y,no,no,no,migrant,,23.26007646,no
104,2.12-24,318133148,2/21/2024,318133148_2024-02-21,Casa De San Pedro,"31.40859, -110.10635",DNJ,0,y,n,white-crowned sparrow,Zonotrichia leucophrys,WCSP,25.09,7.24,25.27,78,M,M,SY,y,no,yes,no,migrant,,21.8666432,no
105,2.12-25,318133175,3/13/2024,318133175_2024-03-13,Sweetwater Wetlands,"32.27930, -111.02163",HAD,0,y,n,white-crowned sparrow,Zonotrichia leucophrys,WCSP,25.84,8.1,22.79,74,U,,ASY,y,no,no,no,migrant,,26.40861663,no
106,2.12-26,318133157,2/26/2024,318133157_2024-02-26,Paton Center,"31.53888, -110.76047",AP,0,y,n,white-crowned sparrow,Zonotrichia leucophrys,WCSP,24,8.02,21.19,70,F,,SY,y,no,no,no,migrant,,27.44160361,no
107,2.12-27,318133184,3/20/2024,318133184_2024-03-20,Casa De San Pedro,"31.40859, -110.10635",HAD,0,y,n,white-crowned sparrow,Zonotrichia leucophrys,WCSP,25.11,8.41,23,72,F,,SY,y,no,no,no,migrant,,25.3021615,no
108,2.12-28,318133173,3/13/2024,318133173_2024-03-13,Sweetwater Wetlands,"32.27930, -111.02163",SMM,0,y,n,white-crowned sparrow,Zonotrichia leucophrys,WCSP,25.73,8.29,22.72,71,F,,SY,y,no,no,no,migrant,,26.42122341,no
109,2.12-29,318133134,2/14/2024,318133134_2024-02-14,Sweetwater Wetlands,"32.27930, -111.02163",HAD,0,y,n,white-crowned sparrow,Zonotrichia leucophrys,WCSP,26.5,7.83,25.5,72,F,F,ASY,y,no,no,no,migrant,,22.77508432,no
110,2.12-30,318133144,2/21/2024,318133144_2024-02-21,Casa De San Pedro,"31.40859, -110.10635",HAD,0,y,n,white-crowned sparrow,Zonotrichia leucophrys,WCSP,26.75,7.47,22.6,73,U,,SY,y,no,no,yes,migrant,,27.69383838,no
111,2.12-31,318133121,3/20/2024,318133121_2024-03-20,Casa De San Pedro,"31.40859, -110.10635",HAD,0,y,y,white-crowned sparrow,Zonotrichia leucophrys,WCSP,25.58,8.79,22.65,75,U,,SY,y,no,no,no,migrant,,26.39246951,no
112,2.12-32,318133180,3/18/2024,318133180_2024-03-18,Paton Center,"31.53888, -110.76047",HAD,0,y,n,white-crowned sparrow,Zonotrichia leucophrys,WCSP,26.38,8.42,23.7,78,U,,SY,y,no,no,no,migrant,,25.38102707,no
113,1.31-74,304007901,11/17/2023,304007901_2023-11-17,mcnew house,"32.24933, -110.92252",DJ,0,y,n,yellow-rumped warbler,Setophaga coronata,YRWA,11.94,8.34,20.57,75,F,M,ASY,y,no,yes,no,migrant,audubon's,9.643566056,no
114,1.31-75,304007914,2/14/2024,304007914_2024-02-14,Sweetwater Wetlands,"32.27930, -111.02163",HAD,0,y,n,yellow-rumped warbler,Setophaga coronata,YRWA,12.66,6.56,19.79,76,M,M,AHY,y,no,yes,no,migrant,audubon's,11.53172299,no
115,1.31-76,305031808,2/14/2024,305031808_2024-02-14,Sweetwater Wetlands,"32.27930, -111.02163",HAD,0,y,n,yellow-rumped warbler,Setophaga coronata,YRWA,11.06,7.27,19.81,70,F,F,AHY,y,no,no,no,migrant,audubon's,10.04271026,no
116,1.31-77,305031819,2/26/2024,305031819_2024-02-26,Paton Center,"31.53888, -110.76047",HAD,0,y,n,yellow-rumped warbler,Setophaga coronata,YRWA,12.72,7.71,20.24,78,M,,ASY,y,no,no,no,migrant,audubon's,10.80365382,no
117,1.31-78,304007921,3/13/2024,304007921_2024-03-13,Sweetwater Wetlands,"32.27930, -111.02163",SMM,0,y,n,yellow-rumped warbler,Setophaga coronata,YRWA,18.6,7.02,18.07,76,M,,ASY,n,no,no,no,migrant,,22.48097459,no
118,1.31-79,305031830,3/13/2024,305031830_2024-03-13,Sweetwater Wetlands,"32.27930, -111.02163",HAD,0,y,n,yellow-rumped warbler,Setophaga coronata,YRWA,12.06,7.08,18.75,74,M,,ASY,y,no,no,no,migrant,,12.99394799,no
119,1.31-80,305031831,3/18/2024,305031831_2024-03-18,Paton Center,"31.53888, -110.76047",HAD,0,y,n,yellow-rumped warbler,Setophaga coronata,YRWA,12.94,7.46,19.67,75,M,,AHY,y,no,no,yes,migrant,audubon's,12.01190759,no
120,1.31-81,305031833,3/18/2024,305031833_2024-03-18,Paton Center,"31.53888, -110.76047",HAD,0,y,n,yellow-rumped warbler,Setophaga coronata,YRWA,11.77,7.41,19.24,74,M,,AHY,y,no,no,yes,migrant,audubon's,11.70352016,no
121,1.31-82,305031837,4/6/2024,305031837_2024-04-06,Casa De San Pedro,"31.40859, -110.10635",HAD,0,y,n,yellow-rumped warbler,Setophaga coronata,YRWA,10.36,6.82,19.12,70,F,,ASY,y,no,no,yes,migrant,myrtle,10.50395002,no
122,1.31-83,305031838,4/6/2024,305031838_2024-04-06,Casa De San Pedro,"31.40859, -110.10635",HAD,0,y,n,yellow-rumped warbler,Setophaga coronata,YRWA,12.46,7.16,19.4,76,M,,ASY,y,no,yes,no,migrant,,12.07450311,no
123,1.31-84,305031899,4/10/2024,305031899_2024-04-10,Paton Center,"31.53888, -110.76047",HAD,0,y,n,yellow-rumped warbler,Setophaga coronata,YRWA,12.7,7.41,19.47,71,F,,ASY,y,no,yes,no,migrant,audubons,12.16995089,no
124,1.31-85,305031842,4/10/2024,305031842_2024-04-10,Paton Center,"31.53888, -110.76047",SMM,0,n,n,yellow-rumped warbler,Setophaga coronata,YRWA,13.02,7.04,18.8,66,F,,SY,n,no,no,no,migrant,audubons,13.91255251,no
125,1.31-86,305031844,4/10/2024,305031844_2024-04-10,Paton Center,"31.53888, -110.76047",SMM,0,y,n,yellow-rumped warbler,Setophaga coronata,YRWA,13.89,7.55,18.03,75,M,,ASY,n,no,no,no,migrant,audubons,16.90434847,no
126,1.31-87,305031841,4/10/2024,305031841_2024-04-10,Paton Center,"31.53888, -110.76047",SMM,0,y,n,yellow-rumped warbler,Setophaga coronata,YRWA,12,7.55,17.91,76,M,,ASY,n,no,no,no,migrant,audubons,14.91074885,no
